<?xml version="1.0" encoding="UTF-8"?><theme>
<version><![CDATA[1.1.1]]></version>
<uiVersion>6</uiVersion>
<author><![CDATA[Hatsune Miku]]></author>
<designer><![CDATA[Hatsune Miku]]></designer>
<title><![CDATA[花翎子]]></title>
<description><![CDATA[1.请先试用主题检查是否存在问题后再购买 
2.锁屏：任意上滑解锁；双击音乐；锁屏文字重叠：请打开设置 /通知和状态栏/状态栏电量样式/选择图形样式；
3.特效,文字自定义及更多壁纸链接；单击屏幕的中心点也就是时间的分钟中心或打开主题混搭锁屏内选项进入；
4.桌面：默认6x6,5x6―7x8多布局路径：设置―桌面与最近任务或桌面长按菜单键；更换布局后请重新应用主题还原时钟插件；
5.简单适配1400图标（注：图标大小不一致为桌面BUG,开机需手动混搭图标模块,抱歉了） 
6.全局多细节体验；反馈邮箱：mikudesign@outlook.com（原QQ已作废）]]></description>
<authors>
<author locale="zh_CN"><![CDATA[Hatsune Miku]]></author>
</authors>
<designers>
<designer locale="zh_CN"><![CDATA[Hatsune Miku]]></designer>
</designers>
<titles>
<title locale="zh_CN"><![CDATA[花翎子]]></title>
</titles>
<descriptions>
<description locale="zh_CN"><![CDATA[1.请先试用主题检查是否存在问题后再购买 
2.锁屏：任意上滑解锁；双击音乐；锁屏文字重叠：请打开设置 /通知和状态栏/状态栏电量样式/选择图形样式；
3.特效,文字自定义及更多壁纸链接；单击屏幕的中心点也就是时间的分钟中心或打开主题混搭锁屏内选项进入；
4.桌面：默认6x6,5x6―7x8多布局路径：设置―桌面与最近任务或桌面长按菜单键；更换布局后请重新应用主题还原时钟插件；
5.简单适配1400图标（注：图标大小不一致为桌面BUG,开机需手动混搭图标模块,抱歉了） 
6.全局多细节体验；反馈邮箱：mikudesign@outlook.com（原QQ已作废）]]></description>
</descriptions>
</theme>
